SKU ID,Unit Price,Quantity_2020,Annual_Revenue_2020,Revenue_Share_%,Cumulative_Share_%,ABC,ABC_Rank,Cumulative Reneue Share %
1244AA,60.0,287038.84183887,17222330.51,8.523534726290727,8.523534726290727,A [High],1,8.523534726290727
1295CA,175000.0,66.436467595,11626381.83,5.7540336490221335,14.27756837531286,A [High],2,14.27756837531286
1281BA,139500.0,68.943357576,9617598.38,4.759863000413842,19.0374313757267,A [High],3,19.0374313757267
3205AA,76300.0,110.161600433,8405330.11,4.159897119435902,23.1973284951626,A [High],4,23.1973284951626
1283CA,98333.33,65.803653435,6470692.37,3.2024220582002663,26.399750553362868,A [High],5,26.399750553362868
2117BA,2424.0,2555.284056013,6194008.55,3.0654879686701975,29.465238522033065,A [High],6,29.465238522033065
1967BA,178.65,33546.0,5992992.9,2.966002949943606,32.43124147197667,A [High],7,32.43124147197667
2422BA,49.9,113401.9137809,5658755.5,2.8005849140935246,35.231826386070196,A [High],8,35.231826386070196
2573CA,1618.99,3144.310724548,5090607.62,2.5194018197360784,37.75122820580627,A [High],9,37.75122820580627
1193BA,815.0,6082.0,4956830.0,2.453193695986018,40.20442190179229,A [High],10,40.20442190179229
2418CA,5.8,824452.5290835,4781824.67,2.3665814917506593,42.571003393542945,A [High],11,42.571003393542945
2473CA,5.95,748581.14961727,4454057.84,2.2043658173964205,44.77536921093937,A [High],12,44.77536921093937
1126CA,32.8,133179.0,4368271.2,2.1619089963136275,46.937278207252994,A [High],13,46.937278207252994
1116CA,32.8,122554.0,4019771.2,1.9894322313143986,48.92671043856739,A [High],14,48.92671043856739
1083AA,29.02,132552.0,3846659.04,1.903756979266109,50.830467417833496,A [High],15,50.830467417833496
2565CA,463.03583,7964.2511105739995,3687733.62,1.8251029123572318,52.65557033019073,A [High],16,52.65557033019073
3007CA,18832.33,183.375747319,3453392.59,1.7091247695710419,54.36469509976177,A [High],17,54.36469509976177
2331CA,210.12419,15153.0,3184011.85,1.5758050605658815,55.94050016032765,A [High],18,55.94050016032765
3178CA,26000.0,114.9222934209,2987979.63,1.4787864001893618,57.419286560517016,A [High],19,57.419286560517016
1876AA,22919.0,119.264121232,2733414.39,1.3527990570718518,58.772085617588864,A [High],20,58.772085617588864
1077CA,22.9777,110844.0,2546940.18,1.2605107687028796,60.03259638629174,A [High],21,60.03259638629174
1993AA,83.75125,27533.0,2305923.17,1.1412286045864182,61.17382499087816,A [High],22,61.17382499087816
1224AA,698.0,3117.0,2175666.0,1.0767627931099344,62.250587783988095,A [High],23,62.250587783988095
2528CA,21.0,103256.91634782,2168395.24,1.0731644081346523,63.32375219212275,A [High],24,63.32375219212275
3016BA,20005.8,100.38988782,2008380.02,0.9939709863376942,64.31772317846044,A [High],25,64.31772317846044
3098AA,3862.32,515.865629925,1992438.14,0.986081161688036,65.30380434014847,A [High],26,65.30380434014847
2371CA,3.44,567439.5684527,1951992.12,0.9660639488137343,66.26986828896221,A [High],27,66.26986828896221
2670CA,4550.0,390.0,1774500.0,0.8782210028439927,67.1480892918062,A [High],28,67.1480892918062
2025AA,442.805,3683.0,1630850.82,0.8071273274890662,67.95521661929527,A [High],29,67.95521661929527
1367CA,22000.0,70.849404927,1558686.91,0.7714125563369988,68.72662917563227,A [High],30,68.72662917563227
1206BA,236.62475,6408.36113495,1516376.85,0.7504728080565877,69.47710198368885,A [High],31,69.47710198368885
2458CA,6.83263,220750.65767237,1508307.57,0.7464792261045848,70.22358120979344,B [Medium],32,70.22358120979344
2317CA,37.26672,39233.0,1462085.23,0.7236032442569681,70.9471844540504,B [Medium],33,70.9471844540504
2564BA,309.205,4650.0,1437803.25,0.7115858056395334,71.65877025968993,B [Medium],34,71.65877025968993
1970CA,244.928,5751.75,1408764.62,0.6972142447717872,72.35598450446172,B [Medium],35,72.35598450446172
2044CA,740.82,1846.0,1367553.72,0.6768184837539775,73.03280298821569,B [Medium],36,73.03280298821569
1964BA,99.12769,13759.5,1363947.45,0.6750336981490599,73.70783668636476,B [Medium],37,73.70783668636476
1255CA,84500.0,16.0,1352000.0,0.6691207640716136,74.37695745043636,B [Medium],38,74.37695745043636
3079BA,134.5,9904.0,1332088.0,0.6592660801557896,75.03622353059215,B [Medium],39,75.03622353059215
1992AA,586.3916,1973.5,1157243.82,0.5727336309582491,75.6089571615504,B [Medium],40,75.6089571615504
2391CA,0.75915,1511589.0638966,1147522.84,0.5679226031733935,76.17687976472381,B [Medium],41,76.17687976472381
2267CA,1896.44,580.75174057,1101360.83,0.5450764793551379,76.72195624407894,B [Medium],42,76.72195624407894
2501CA,35.12175,31231.0,1096887.37,0.5428625111796618,77.2648187552586,B [Medium],43,77.2648187552586
3461CA,30.064,35425.16,1065022.01,0.5270919682576077,77.79191072351621,B [Medium],44,77.79191072351621
2016CA,267.32395,3840.5,1026657.63,0.508104983598781,78.300015707115,B [Medium],45,78.300015707115
1990AA,545.845,1773.0,967783.18,0.47896732311927215,78.77898303023427,B [Medium],46,78.77898303023427
1266CA,118900.0,8.0,951200.0,0.4707601115273068,79.24974314176158,B [Medium],47,79.24974314176158
1234BA,498.0,1902.0,947196.0,0.4687784846490947,79.71852162641068,B [Medium],48,79.71852162641068
1801AA,1250.0,735.745431398,919681.79,0.45516137723931155,80.17368300364998,B [Medium],49,80.17368300364998
1499CA,6600.0,136.0,897600.0,0.44423283863216,80.61791584228214,B [Medium],50,80.61791584228214
2680BA,215.57,4150.0,894615.5,0.44275577434194424,81.06067161662409,B [Medium],51,81.06067161662409
2041CA,648.42,1341.0,869531.22,0.4303412679811555,81.49101288460524,B [Medium],52,81.49101288460524
1921AA,50000.0,17.0,850000.0,0.4206750365834849,81.91168792118873,B [Medium],53,81.91168792118873
2847BA,241.79216,3501.0,846514.35,0.4189499472408175,82.33063786842955,B [Medium],54,82.33063786842955
3502BA,1234.335,685.0,845519.48,0.418457574330646,82.7490954427602,B [Medium],55,82.7490954427602
1161AA,136.5925,6110.0,834580.18,0.4130435855921781,83.16213902835237,B [Medium],56,83.16213902835237
1994AA,450.53667,1822.0,820877.81,0.40626212088508346,83.56840114923746,B [Medium],57,83.56840114923746
2013AA,143.8402,5056.5,727327.97,0.35996320045640207,83.92836434969387,B [Medium],58,83.92836434969387
1009AA,28.76326,24322.0,699580.01,0.34623040741155847,84.27459475710542,B [Medium],59,84.27459475710542
1908AA,27809.1,25.0,695227.5,0.3440762988192291,84.61867105592465,B [Medium],60,84.61867105592465
3239AA,687.5,965.866533525,664033.24,0.3286378912113529,84.94730894713601,B [Medium],61,84.94730894713601
1971AA,321.9469,2045.0,658381.41,0.32584073380898393,85.273149680945,B [Medium],62,85.273149680945
2714CA,49.79846,12710.0,632938.43,0.31324870258275705,85.58639838352775,B [Medium],63,85.58639838352775
1842BA,6548.29,95.686666385,626584.04,0.31010383994073853,85.89650222346849,B [Medium],64,85.89650222346849
2646AA,908.33214,687.0,624024.18,0.30883693500056375,86.20533915846906,B [Medium],65,86.20533915846906
1979AA,278.638,2183.0,608266.75,0.30103839683384404,86.5063775553029,B [Medium],66,86.5063775553029
1163CA,94.66425,6288.0,595248.8,0.29459565966620643,86.8009732149691,B [Medium],67,86.8009732149691
2766AA,363.83238,1606.0,584314.8,0.2891842939603196,87.09015750892942,B [Medium],68,87.09015750892942
1385CA,1781.5475,325.0,579002.94,0.2865553917252297,87.37671290065465,B [Medium],69,87.37671290065465
2039CA,449.75,1164.0,523509.0,0.25909078556092185,87.63580368621558,B [Medium],70,87.63580368621558
1265CA,103500.0,5.0,517500.0,0.2561168605081805,87.89192054672377,B [Medium],71,87.89192054672377
3556AA,1077.43125,467.0,503160.39,0.24902001820071823,88.14094056492449,B [Medium],72,88.14094056492449
2291AA,18.75596,26381.0,494800.98,0.2448828474859343,88.38582341241043,B [Medium],73,88.38582341241043
1145BA,85.30066,5436.0,463694.39,0.22948782879624316,88.61531124120667,B [Medium],74,88.61531124120667
1366BA,16900.0,27.0,456300.0,0.22582825787416957,88.84113949908084,B [Medium],75,88.84113949908084
3250CA,34.75342,12845.0,446407.68,0.2209324319001748,89.06207193098102,B [Medium],76,89.06207193098102
2988AA,9261.0,48.0,444528.0,0.22000215607339219,89.28207408705441,B [Medium],77,89.28207408705441
2672BA,11375.0,38.0,432250.0,0.21392562889789568,89.49599971595231,B [Medium],78,89.49599971595231
2484BA,239.67286,1729.0,414394.37,0.20508866677616489,89.70108838272847,B [Medium],79,89.70108838272847
2021CA,295.27467,1376.0,406297.95,0.2010816529176999,89.90217003564617,B [Medium],80,89.90217003564617
1130AA,17.26609,23497.0,405701.32,0.20078637368584482,90.10295640933201,C [Less],81,90.10295640933201
2078CA,1129.24,356.0,402009.44,0.1989592186810662,90.30191562801308,C [Less],82,90.30191562801308
1403CA,2550.0,152.144764759,387969.15,0.19201051337589825,90.49392614138898,C [Less],83,90.49392614138898
1214CA,317.65903,1183.0,375790.63,0.18598322002703627,90.67990936141602,C [Less],84,90.67990936141602
1907AA,6617.42,56.0,370575.52,0.1834022005093458,90.86331156192537,C [Less],85,90.86331156192537
3177CA,69.45642,5253.8,364910.14,0.18059833705198186,91.04390989897735,C [Less],86,91.04390989897735
3193AA,1425.0,256.0,364800.0,0.18054382746547679,91.22445372644282,C [Less],87,91.22445372644282
1741BA,1450.0,249.077946277,361163.02,0.17874384311894337,91.40319756956175,C [Less],88,91.40319756956175
2200CA,448.0,744.0,333312.0,0.16496004446319354,91.56815761402495,C [Less],89,91.56815761402495
2212AA,747.405,439.0,328110.8,0.1623859091687488,91.7305435231937,C [Less],90,91.7305435231937
2173CA,444.94,692.0,307898.48,0.15238259333882279,91.88292611653253,C [Less],91,91.88292611653253
2867AA,297.635,1032.0,307159.32,0.1520167743270098,92.03494289085954,C [Less],92,92.03494289085954
2326CA,63.5592,4767.0,302986.71,0.1499517003688938,92.18489459122843,C [Less],93,92.18489459122843
1445BA,1291.865,225.0,290669.62,0.14385582709083253,92.32875041831926,C [Less],94,92.32875041831926
3249CA,320.0,904.047887475,289295.32,0.14317566979344817,92.47192608811271,C [Less],95,92.47192608811271
2640BA,444.45667,645.0,286674.55,0.1418786197750636,92.61380470788778,C [Less],96,92.61380470788778
2189CA,299.805,942.0,282416.31,0.13977116651885035,92.75357587440664,C [Less],97,92.75357587440664
2632AA,185.82,1478.0,274641.96,0.13592354890630587,92.88949942331294,C [Less],98,92.88949942331294
2348BA,38440.0,7.0,269080.0,0.13317086922809895,93.02267029254104,C [Less],99,93.02267029254104
3404CA,396.54,678.0,268854.12,0.13305907854896545,93.15572937109,C [Less],100,93.15572937109
3570CA,1160.0,219.0,254040.0,0.12572739563961,93.28145676672962,C [Less],101,93.28145676672962
1681CA,93.0,2729.918029915,253882.38,0.12564938764047318,93.4071061543701,C [Less],102,93.4071061543701
3551CA,7.06831,34753.0,245644.98,0.12157260111535224,93.52867875548544,C [Less],103,93.52867875548544
3407CA,1017.592,240.0,244222.08,0.12086839110411149,93.64954714658955,C [Less],104,93.64954714658955
2515BA,90.0,2619.0,235710.0,0.11665566220363907,93.7662028087932,C [Less],105,93.7662028087932
2513CA,4805.03,48.0,230641.44,0.11414717201137367,93.88034998080457,C [Less],106,93.88034998080457
2255CA,1712.565,134.0,229483.71,0.11357419776419274,93.99392417856876,C [Less],107,93.99392417856876
3084CA,2769.81,82.0,227124.42,0.11240655728529739,94.10633073585406,C [Less],108,94.10633073585406
2814BA,50.49535,4471.0,225764.71,0.11173362075118806,94.21806435660524,C [Less],109,94.21806435660524
1479CA,385.5625,578.0,222855.12,0.11029363030449048,94.32835798690974,C [Less],110,94.32835798690974
1317CA,4908.7,45.0,220891.5,0.1093218115805657,94.43767979849031,C [Less],111,94.43767979849031
2994CA,12977.0,17.0,220609.0,0.10918199899487765,94.54686179748519,C [Less],112,94.54686179748519
1382CA,613.52125,316.0,193872.72,0.09594989832769378,94.64281169581288,C [Less],113,94.64281169581288
1497CA,16.71828,11463.04,191642.31,0.09484604208258064,94.73765773789546,C [Less],114,94.73765773789546
2953BA,47.90925,3935.0,188522.9,0.09330220924038195,94.83095994713584,C [Less],115,94.83095994713584
2662CA,2015.43638,93.0,187435.58,0.09276408173358436,94.92372402886943,C [Less],116,94.92372402886943
2606AA,2041.52333,91.0,185778.62,0.09194403266462274,95.01566806153406,C [Less],117,95.01566806153406
2139BA,2032.85,90.0,182956.5,0.09054733215374865,95.1062153936878,C [Less],118,95.1062153936878
2840AA,8.61042,21034.0,181111.57,0.08963425451228516,95.1958496482001,C [Less],119,95.1958496482001
3120BA,1534.88,117.0,179580.96,0.08887673755023215,95.28472638575033,C [Less],120,95.28472638575033
1995AA,100.57182,1777.0,178716.12,0.08844871802242173,95.37317510377275,C [Less],121,95.37317510377275
2555CA,682.5,257.0,175402.5,0.08680876835804083,95.45998387213079,C [Less],122,95.45998387213079
1601AA,918.403,185.0,169904.56,0.08408777293376576,95.54407164506456,C [Less],123,95.54407164506456
2170BA,305.19,546.0,166633.74,0.08246900549475636,95.62654065055932,C [Less],124,95.62654065055932
1624CA,1531.377,107.0,163857.34,0.08109493235173237,95.70763558291105,C [Less],125,95.70763558291105
1330CA,6000.0,27.0,162000.0,0.08017571285473477,95.78781129576579,C [Less],126,95.78781129576579
1379CA,490.18125,328.0,160779.45,0.07957164824779127,95.86738294401358,C [Less],127,95.86738294401358
2234AA,903.0,178.0,160734.0,0.07954915450612925,95.94693209851971,C [Less],128,95.94693209851971
2803BA,42.48576,3768.0,160086.34,0.07922861992472494,96.02616071844443,C [Less],129,96.02616071844443
2342CA,2.77685,56938.0,158108.29,0.07824965962341439,96.10441037806784,C [Less],130,96.10441037806784
1586CA,286.571,524.0,150163.2,0.07431754076881548,96.17872791883666,C [Less],131,96.17872791883666
3533CA,0.64377,228656.0,147201.87,0.07285194358518515,96.25157986242185,C [Less],132,96.25157986242185
2053BA,1212.86889,121.0,146757.14,0.07263184145692661,96.32421170387877,C [Less],133,96.32421170387877
2767AA,147.86565,971.0,143577.55,0.07105822482213779,96.39526992870091,C [Less],134,96.39526992870091
2336BA,7.92068,18101.737890505,143378.07,0.07095949981472877,96.46622942851565,C [Less],135,96.46622942851565
3619CA,0.7455,191894.0,143056.98,0.07080058858237985,96.53703001709803,C [Less],136,96.53703001709803
2429BA,5.28688,26960.0,142534.28,0.07054189818047138,96.6075719152785,C [Less],137,96.6075719152785
1499AA,14.22359,10017.0,142477.7,0.07051389607038916,96.6780858113489,C [Less],138,96.6780858113489
1764AA,325.0,436.768039608,141949.61,0.07025253809383694,96.74833834944273,C [Less],139,96.74833834944273
1882CA,19950.0,7.0,139650.0,0.06911443395162783,96.81745278339436,C [Less],140,96.81745278339436
1695CA,1649.3,82.0,135242.6,0.0669331596501713,96.88438594304453,C [Less],141,96.88438594304453
2060AA,1101.15,122.0,134340.3,0.06648660072604273,96.95087254377057,C [Less],142,96.95087254377057
2359CA,73.0,1827.0,133371.0,0.06600688271079524,97.01687942648137,C [Less],143,97.01687942648137
3358BA,1363.64,96.0,130909.44,0.06478862760132179,97.08166805408268,C [Less],144,97.08166805408268
1624AA,722.101,178.0,128533.98,0.06361298439849519,97.14528103848117,C [Less],145,97.14528103848117
3038BA,1300.0,98.553614377,128119.7,0.06340795233478247,97.20868899081596,C [Less],146,97.20868899081596
2293AA,12.73097,10048.0,127920.79,0.06330950942710387,97.27199850024306,C [Less],147,97.27199850024306
2315BA,14.9222,8540.5,127443.05,0.06307307026007164,97.33507157050313,C [Less],148,97.33507157050313
2673BA,13.0,9384.0,121992.0,0.060375281250461744,97.39544685175359,C [Less],149,97.39544685175359
2752AA,76.502,1570.0,120108.14,0.05944293669232273,97.45488978844591,C [Less],150,97.45488978844591
2604CA,129.04,929.0,119878.16,0.059329116874777474,97.51421890532069,C [Less],151,97.51421890532069
2785BA,34.48244,3406.0,117447.19,0.058126001117502935,97.57234490643819,C [Less],152,97.57234490643819
1571AA,320.0,360.809142397,115458.93,0.057141987766635316,97.62948689420483,C [Less],153,97.62948689420483
1488BA,70.0,1642.0,114940.0,0.05688516318224206,97.68637205738708,C [Less],154,97.68637205738708
2096BA,1524.57667,75.0,114343.25,0.056589824560970066,97.74296188194805,C [Less],155,97.74296188194805
2229AA,1054.24333,108.0,113858.28,0.05634980718156784,97.79931168912961,C [Less],156,97.79931168912961
2953CA,1519.82,74.0,112466.68,0.055661087909909514,97.85497277703952,C [Less],157,97.85497277703952
1798AA,375.0,297.233712444,111462.64,0.05516417665846094,97.91013695369799,C [Less],158,97.91013695369799
2727CA,21.88943,5018.0,109841.16,0.05436168706043813,97.96449864075842,C [Less],159,97.96449864075842
2763CA,10.08731,10689.0,107823.26,0.05336300452358894,98.01786164528201,C [Less],160,98.01786164528201
2212CA,884.36,121.0,107007.56,0.052959304962011115,98.07082095024403,C [Less],161,98.07082095024403
2876CA,427.425,243.0,103864.28,0.05140365857496155,98.12222460881898,C [Less],162,98.12222460881898
2337CA,1.72706,57727.0,99697.99,0.04934171245947048,98.17156632127845,C [Less],163,98.17156632127845
1906CA,1893.75,52.0,98475.0,0.048736440267716084,98.22030276154617,C [Less],164,98.22030276154617
2227AA,751.635,125.0,93954.38,0.04649913205138663,98.26680189359755,C [Less],165,98.26680189359755
2396CA,0.7646,121696.0,93048.76,0.046050930020056356,98.3128528236176,C [Less],166,98.3128528236176
2729AA,76.518,1150.0,87995.7,0.04355011096081101,98.35640293457841,C [Less],167,98.35640293457841
1464AA,842.57,103.0,86784.71,0.04295077771074956,98.39935371228916,C [Less],168,98.39935371228916
3160BA,270.909,319.0,86419.97,0.042770263577992546,98.44212397586715,C [Less],169,98.44212397586715
3365CA,13.3248,6226.0,82960.2,0.04105798255290967,98.48318195842006,C [Less],170,98.48318195842006
2265BA,1691.46333,49.0,82881.7,0.04101913197600167,98.52420109039606,C [Less],171,98.52420109039606
3616CA,433.1,191.0,82722.1,0.04094014405148552,98.56514123444755,C [Less],172,98.56514123444755
2236CA,1617.335,49.0,79249.42,0.03922147371496466,98.60436270816251,C [Less],173,98.60436270816251
2277AA,6.37172,12034.0,76677.28,0.03794849125779072,98.6423111994203,C [Less],174,98.6423111994203
2066AA,1550.95,49.0,75996.55,0.037611589942904276,98.6799227893632,C [Less],175,98.6799227893632
1956CA,1250.0,60.0,75000.0,0.037118385580895724,98.7170411749441,C [Less],176,98.7170411749441
1582CA,550.0,136.119138578,74865.53,0.037051834790108214,98.7540930097342,C [Less],177,98.7540930097342
2142CA,2956.0,25.0,73900.0,0.03657398259237592,98.79066699232658,C [Less],178,98.79066699232658
2115CA,1912.27,36.0,68841.72,0.03407058009349414,98.82473757242008,C [Less],179,98.82473757242008
2483BA,1.875,36540.0,68512.5,0.033907645228148243,98.85864521764823,C [Less],180,98.85864521764823
3495CA,39.835,1637.0,65209.9,0.03227314949188869,98.89091836714012,C [Less],181,98.89091836714012
1872CA,16000.0,4.0,64000.0,0.03167435569569768,98.92259272283582,C [Less],182,98.92259272283582
3025CA,1092.5,58.0,63365.0,0.031360086697779434,98.95395280953359,C [Less],183,98.95395280953359
1486CA,190.72,323.0,61602.56,0.03048783433133685,98.98444064386493,C [Less],184,98.98444064386493
3143CA,47.764,1240.0,59227.36,0.02931231980558027,99.01375296367051,C [Less],185,99.01375296367051
3138CA,376.116,152.0,57169.63,0.02829392493142858,99.04204688860194,C [Less],186,99.04204688860194
3590BA,115.085,495.0,56967.08,0.028193680544769773,99.07024056914672,C [Less],187,99.07024056914672
2524AA,14.0,4000.0,56000.0,0.02771506123373547,99.09795563038045,C [Less],188,99.09795563038045
3053AA,40.87148,1353.9,55335.9,0.027386390302211835,99.12534202068267,C [Less],189,99.12534202068267
2600BA,1467.79,33.0,48437.07,0.02397207787558449,99.14931409855825,C [Less],190,99.14931409855825
1584BA,425.0,112.287130111,47722.03,0.02361819613657431,99.17293229469482,C [Less],191,99.17293229469482
2923CA,20.18857,2115.0,42698.83,0.021132155143908236,99.19406444983872,C [Less],192,99.19406444983872
1630BA,442.803,96.0,42509.09,0.021038250577506648,99.21510270041622,C [Less],193,99.21510270041622
1745BA,175.0,242.055382171,42359.69,0.020964310753429503,99.23606701116965,C [Less],194,99.23606701116965
3125AA,119.136,351.0,41816.74,0.020695598387414204,99.25676260955707,C [Less],195,99.25676260955707
2970CA,512.205,77.0,39439.79,0.019519217765994072,99.27628182732306,C [Less],196,99.27628182732306
3075BA,31.0,1246.149606188,38630.64,0.01911875987675698,99.29540058719982,C [Less],197,99.29540058719982
2054CA,904.0,41.0,37064.0,0.01834341124227092,99.31374399844209,C [Less],198,99.31374399844209
2498BA,1474.56,25.0,36864.0,0.018244428880721867,99.33198842732281,C [Less],199,99.33198842732281
3161BA,360.0,100.0,36000.0,0.017816825078829947,99.34980525240164,C [Less],200,99.34980525240164
3462AA,4.1,8203.0,33632.3,0.01664502239163146,99.36645027479327,C [Less],201,99.36645027479327
2054AA,751.83,44.0,33080.52,0.016371939954353765,99.38282221474762,C [Less],202,99.38282221474762
3264CA,30.0,1089.98967454,32699.69,0.016183462690610134,99.39900567743823,C [Less],203,99.39900567743823
3610AA,156.16,205.0,32012.8,0.01584351271898798,99.41484919015721,C [Less],204,99.41484919015721
3399AA,194.753,159.0,30965.73,0.015325305412452134,99.43017449556966,C [Less],205,99.43017449556966
2220BA,752.0,40.0,30080.0,0.01488694717697791,99.44506144274663,C [Less],206,99.44506144274663
3027CA,1145.83,26.0,29791.58,0.01474420471338802,99.45980564746003,C [Less],207,99.45980564746003
3180BA,30.0,976.521539093,29295.65,0.014498763100572904,99.4743044105606,C [Less],208,99.4743044105606
3448CA,6.5255,4417.8,28828.35,0.014267490812813536,99.48857190137342,C [Less],209,99.48857190137342
2621AA,61.78333,460.0,28420.33,0.014065556897017308,99.50263745827044,C [Less],210,99.50263745827044
1953AA,947.56,29.0,27479.24,0.013599800343866306,99.51623725861431,C [Less],211,99.51623725861431
1650AA,284.87,94.0,26777.78,0.013252639507205304,99.52948989812151,C [Less],212,99.52948989812151
3003AA,13182.0,2.0,26364.0,0.013047854899396465,99.54253775302091,C [Less],213,99.54253775302091
3075AA,60.38,378.0,22823.64,0.011295688931727398,99.55383344195263,C [Less],214,99.55383344195263
1956AA,573.09,39.0,22350.51,0.011061531308128876,99.56489497326076,C [Less],215,99.56489497326076
2223AA,918.7,23.0,21130.1,0.010457535988838463,99.5753525092496,C [Less],216,99.5753525092496
2229CA,751.0,28.0,21028.0,0.01040700549326767,99.58575951474286,C [Less],217,99.58575951474286
2508BA,463.1,45.0,20839.5,0.010313714617507685,99.59607322936037,C [Less],218,99.59607322936037
2935BA,23.495,840.8,19754.6,0.009776784797284834,99.60585001415765,C [Less],219,99.60585001415765
3576BA,44.79,419.0,18767.01,0.009288014845073677,99.61513802900272,C [Less],220,99.61513802900272
1688CA,30.0,593.831510892,17814.95,0.00881682910939171,99.62395485811211,C [Less],221,99.62395485811211
1420CA,30.0,576.164381735,17284.93,0.008554515953050559,99.63250937406517,C [Less],222,99.63250937406517
2539AA,30.0,575.32553391,17259.77,0.008542063971967688,99.64105143803714,C [Less],223,99.64105143803714
1488CA,30.0,548.734492899,16462.03,0.00814725302645697,99.64919869106359,C [Less],224,99.64919869106359
1945AA,965.0,17.0,16405.0,0.008119028206061257,99.65731771926966,C [Less],225,99.65731771926966
1826AA,30.0,546.572019457,16397.16,0.008115148097488535,99.66543286736714,C [Less],226,99.66543286736714
3006CA,30.0,531.062126736,15931.86,0.007884865633344658,99.67331773300049,C [Less],227,99.67331773300049
1857AA,30.0,528.72379028,15861.71,0.007850147570031326,99.68116788057051,C [Less],228,99.68116788057051
1851CA,30.0,519.831529428,15594.95,0.007718124896197196,99.68888600546671,C [Less],229,99.68888600546671
1672AA,30.0,519.446871571,15583.41,0.007712413613935816,99.69659841908064,C [Less],230,99.69659841908064
3126BA,30.0,516.49369323,15494.81,0.007668564427769585,99.70426698350842,C [Less],231,99.70426698350842
1830AA,30.0,514.467351842,15434.02,0.007638478738976749,99.7119054622474,C [Less],232,99.7119054622474
1678CA,30.0,509.702173702,15291.07,0.007567731096059562,99.71947319334346,C [Less],233,99.71947319334346
1373BA,30.0,504.241067321,15127.23,0.007486644745478576,99.72695983808894,C [Less],234,99.72695983808894
1767CA,30.0,503.688720307,15110.66,0.007478444056824237,99.73443828214577,C [Less],235,99.73443828214577
1317BA,30.0,502.17147252,15065.14,0.0074559156713356715,99.7418941978171,C [Less],236,99.7418941978171
3512AA,0.10295,143678.0,14791.65,0.007320562241035416,99.74921476005814,C [Less],237,99.74921476005814
1698CA,30.0,488.965460707,14668.96,0.007259841511343148,99.75647460156948,C [Less],238,99.75647460156948
1308BA,30.0,486.388993079,14591.67,0.007221589777722515,99.76369619134721,C [Less],239,99.76369619134721
1296CA,30.0,481.621607966,14448.65,0.007150807490978787,99.77084699883818,C [Less],240,99.77084699883818
2365AA,30.0,475.794114917,14273.82,0.00706428205963068,99.77791128089781,C [Less],241,99.77791128089781
1712AA,30.0,475.122354228,14253.67,0.007054309586704613,99.78496559048452,C [Less],242,99.78496559048452
3132BA,190.0,75.0,14250.0,0.007052493260370187,99.79201808374489,C [Less],243,99.79201808374489
1315BA,30.0,473.437652192,14203.13,0.0070292967439411665,99.79904738048883,C [Less],244,99.79904738048883
1325AA,30.0,470.033057895,14100.99,0.006978746451898063,99.80602612694072,C [Less],245,99.80602612694072
1811CA,30.0,469.995242372,14099.86,0.006978187201555312,99.81300431414228,C [Less],246,99.81300431414228
2548CA,30.0,466.9487954,14008.46,0.006932952262327393,99.81993726640461,C [Less],247,99.81993726640461
1766CA,30.0,459.821719005,13794.65,0.0068271351687133755,99.82676440157333,C [Less],248,99.82676440157333
1819AA,30.0,455.219468983,13656.58,0.006758802695417986,99.83352320426874,C [Less],249,99.83352320426874
1390BA,30.0,453.056742306,13591.7,0.006726692817331472,99.84024989708608,C [Less],250,99.84024989708608
1326AA,30.0,452.602099523,13578.06,0.0067199422202738265,99.84696983930635,C [Less],251,99.84696983930635
3413AA,35.3004,384.0,13555.35,0.006708702773119931,99.85367854207948,C [Less],252,99.85367854207948
3345AA,31.06467,432.0,13419.94,0.006641686765233143,99.86032022884471,C [Less],253,99.86032022884471
1374CA,30.0,445.980882683,13379.43,0.006621637887901382,99.86694186673262,C [Less],254,99.86694186673262
1902BA,30.0,443.101872402,13293.06,0.006578892355066423,99.87352075908768,C [Less],255,99.87352075908768
2143AA,30.0,442.985118787,13289.55,0.006577155214621237,99.8800979143023,C [Less],256,99.8800979143023
2096AA,30.0,438.085918395,13142.58,0.006504418026236913,99.88660233232854,C [Less],257,99.88660233232854
2938CA,29.206,449.8,13136.86,0.00650158713069661,99.89310391945924,C [Less],258,99.89310391945924
1468AA,30.0,437.194844248,13115.85,0.006491189033615882,99.89959510849285,C [Less],259,99.89959510849285
1947CA,30.0,436.574724482,13097.24,0.006481978724873743,99.90607708721772,C [Less],260,99.90607708721772
1196AA,30.0,435.346894405,13060.41,0.006463751122994484,99.91254083834072,C [Less],261,99.91254083834072
2449CA,30.0,426.83402228,12805.02,0.006337355596414418,99.91887819393713,C [Less],262,99.91887819393713
2956AA,12.02259,1059.0,12731.92,0.006301177543268238,99.9251793714804,C [Less],263,99.9251793714804
2930CA,20.00833,630.0,12605.25,0.006238487064581144,99.93141785854498,C [Less],264,99.93141785854498
1827AA,30.0,415.232548404,12456.98,0.006165106490846752,99.93758296503582,C [Less],265,99.93758296503582
1321BA,30.0,410.541306799,12316.24,0.006095452603024682,99.94367841763884,C [Less],266,99.94367841763884
1514BA,332.8,35.0,11648.0,0.005764732736616978,99.94944315037546,C [Less],267,99.94944315037546
3494AA,3.5,3122.0,10927.0,0.005407901323232634,99.9548510516987,C [Less],268,99.9548510516987
1434BA,30.0,361.780835827,10853.43,0.0053714906615368145,99.96022254236023,C [Less],269,99.96022254236023
3322AA,28.5,325.0,9262.5,0.004584120619240622,99.96480666297947,C [Less],270,99.96480666297947
3378CA,1.5,5590.0,8385.0,0.004149835507944142,99.96895649848742,C [Less],271,99.96895649848742
1441AA,190.0,38.0,7220.0,0.003573263251920895,99.97252976173934,C [Less],272,99.97252976173934
2661CA,182.0,33.0,6006.0,0.0029724403173181295,99.97550220205666,C [Less],273,99.97550220205666
3044AA,1450.0,4.0,5800.0,0.0028704884849226025,99.97837269054158,C [Less],274,99.97837269054158
3579CA,86.65,63.0,5458.95,0.002701698812891076,99.98107438935446,C [Less],275,99.98107438935446
3271CA,34.5,152.328761071,5255.34,0.0026009298197160603,99.98367531917418,C [Less],276,99.98367531917418
2977BA,52.8,88.0,4646.4,0.0022995582235076513,99.9859748773977,C [Less],277,99.9859748773977
2498CA,117.17,38.0,4452.46,0.002203575027513533,99.9881784524252,C [Less],278,99.9881784524252
1511CA,6.787,642.0,4357.25,0.002156454474298105,99.9903349068995,C [Less],279,99.9903349068995
3423CA,29.555,144.0,4255.92,0.0021063050608192764,99.99244121196033,C [Less],280,99.99244121196033
2471CA,4.77698,783.0,3740.38,0.0018511582274542767,99.99429237018778,C [Less],281,99.99429237018778
2925CA,48.0,65.0,3120.0,0.001544124840165262,99.99583649502794,C [Less],282,99.99583649502794
1716AA,140.0,20.0,2800.0,0.0013857530616867737,99.99722224808963,C [Less],283,99.99722224808963
3420AA,17.255,133.0,2294.92,0.0011357830058307894,99.99835803109546,C [Less],284,99.99835803109546
1708AA,120.0,12.0,1440.0,0.0007126730031531979,99.99907070409861,C [Less],285,99.99907070409861
2487BA,14.4,63.0,907.2,0.00044898399198651465,99.9995196880906,C [Less],286,99.9995196880906
2488CA,0.95,554.0,526.3,0.00026047208441633886,99.99978016017502,C [Less],287,99.99978016017502
1436BA,125.0,3.0,375.0,0.0001855919279044786,99.99996575210292,C [Less],288,99.99996575210292
1668CA,0.85,80.0,68.0,3.365400292667879e-05,99.99999940610586,C [Less],289,99.99999940610586
1484BA,0.2,6.0,1.2,5.938941692943315e-07,100.00000000000003,C [Less],290,100.00000000000003
2987AA,30.0,0.0,0.0,0.0,100.00000000000003,C [Less],291,100.00000000000003
1491CA,30.0,0.0,0.0,0.0,100.00000000000003,C [Less],292,100.00000000000003
3299CA,30.0,0.0,0.0,0.0,100.00000000000003,C [Less],293,100.00000000000003
2982AA,30.0,0.0,0.0,0.0,100.00000000000003,C [Less],294,100.00000000000003
3300CA,30.0,0.0,0.0,0.0,100.00000000000003,C [Less],295,100.00000000000003
2895CA,30.0,0.0,0.0,0.0,100.00000000000003,C [Less],296,100.00000000000003
3274CA,30.0,0.0,0.0,0.0,100.00000000000003,C [Less],297,100.00000000000003
3276AA,30.0,0.0,0.0,0.0,100.00000000000003,C [Less],298,100.00000000000003
3291CA,30.0,0.0,0.0,0.0,100.00000000000003,C [Less],299,100.00000000000003
3332CA,30.0,0.0,0.0,0.0,100.00000000000003,C [Less],300,100.00000000000003
3296AA,30.0,0.0,0.0,0.0,100.00000000000003,C [Less],301,100.00000000000003
3312AA,30.0,0.0,0.0,0.0,100.00000000000003,C [Less],302,100.00000000000003
2884AA,30.0,0.0,0.0,0.0,100.00000000000003,C [Less],303,100.00000000000003
